{"cameraMode":{"drawMode":0,"name":"Shaded","section":"Shading Mode"},"sceneLighting":true,"audioPlay":false,"sceneViewState":{"m_AlwaysRefresh":false,"showFog":true,"showSkybox":true,"showFlares":true,"showImageEffects":true,"showParticleSystems":true,"showVisualEffectGraphs":true,"m_FxEnabled":true},"in2DMode":false,"pivot":{"x":-0.20999999344348908,"y":-0.3199999928474426,"z":-2.5999999046325685},"rotation":{"x":0.11959661543369293,"y":-0.08329980075359345,"z":0.010070331394672394,"w":0.989271342754364},"size":2.0660252571105959,"orthographic":false}